timestamp_ms,cpu_total%,cpu0%,cpu1%,cpu2%,cpu3%,cpu4%,cpu5%,cpu6%,cpu7%,npu_core0%,npu_core1%,npu_core2%,npu_available
501,31.4,28.6,30.8,30.6,26.5,26.0,32.0,54.0,27.1,-1.0,-1.0,-1.0,0
1002,90.4,79.2,85.4,82.0,81.6,100.0,98.0,98.0,96.1,-1.0,-1.0,-1.0,0
1502,66.7,44.2,40.8,37.5,36.7,96.0,93.9,98.0,85.7,-1.0,-1.0,-1.0,0
2002,59.1,36.0,31.4,25.0,31.4,98.0,96.0,64.0,90.2,-1.0,-1.0,-1.0,0
2503,62.1,43.1,38.0,32.7,34.0,92.2,96.1,70.0,92.0,-1.0,-1.0,-1.0,0
3003,62.6,44.9,33.3,38.0,40.8,95.9,73.5,80.4,94.0,-1.0,-1.0,-1.0,0
3504,60.4,41.7,32.0,34.7,35.4,88.0,81.6,93.9,71.4,-1.0,-1.0,-1.0,0
4004,65.7,55.8,42.3,38.0,45.1,86.0,86.0,76.5,94.1,-1.0,-1.0,-1.0,0
4504,63.4,52.0,36.0,38.8,34.0,83.7,92.0,77.1,95.9,-1.0,-1.0,-1.0,0
5005,63.3,46.0,31.4,49.0,38.0,95.9,87.8,76.0,84.0,-1.0,-1.0,-1.0,0
5505,61.8,39.2,28.0,36.0,46.0,84.3,94.0,94.0,68.6,-1.0,-1.0,-1.0,0
6005,66.2,44.9,44.9,38.3,53.1,70.6,92.2,91.8,95.9,-1.0,-1.0,-1.0,0
6506,69.4,46.8,50.0,41.2,51.0,93.8,83.7,94.0,95.9,-1.0,-1.0,-1.0,0
7006,64.9,49.0,40.4,44.0,41.2,86.3,94.0,93.9,72.0,-1.0,-1.0,-1.0,0
7506,60.8,36.5,36.0,31.2,32.0,90.0,85.7,96.1,78.0,-1.0,-1.0,-1.0,0
8007,64.1,40.8,39.2,52.0,32.0,90.2,94.1,76.0,92.0,-1.0,-1.0,-1.0,0
8507,60.3,41.2,30.6,35.4,34.7,95.9,90.0,88.0,64.0,-1.0,-1.0,-1.0,0
9008,64.5,38.0,40.8,46.0,45.8,89.6,98.0,90.0,64.0,-1.0,-1.0,-1.0,0
9508,65.4,52.9,47.1,40.8,38.8,90.0,90.0,92.0,76.0,-1.0,-1.0,-1.0,0
10009,61.6,36.7,32.7,48.0,33.3,94.0,91.8,92.0,59.2,-1.0,-1.0,-1.0,0
10510,58.4,24.5,30.6,31.2,32.0,90.2,90.4,86.0,78.4,-1.0,-1.0,-1.0,0
11011,67.2,44.0,42.9,44.9,51.0,87.8,90.0,85.7,91.8,-1.0,-1.0,-1.0,0
11511,63.0,43.1,38.8,40.8,37.3,76.5,96.0,98.0,74.0,-1.0,-1.0,-1.0,0
12012,57.9,34.6,27.5,28.0,30.0,60.0,89.8,94.1,98.0,-1.0,-1.0,-1.0,0
12513,65.1,38.0,42.9,36.0,48.0,98.0,92.0,91.8,75.5,-1.0,-1.0,-1.0,0
13013,61.6,37.3,45.1,29.4,38.5,90.2,82.4,76.5,94.0,-1.0,-1.0,-1.0,0
13513,61.0,40.0,36.7,33.3,36.7,94.1,59.2,95.9,92.2,-1.0,-1.0,-1.0,0
14014,59.9,32.7,44.9,26.5,31.2,87.8,84.0,94.1,77.6,-1.0,-1.0,-1.0,0
14514,60.7,34.0,43.8,35.4,31.4,96.0,94.0,89.6,62.0,-1.0,-1.0,-1.0,0
15015,63.5,44.2,47.1,32.0,32.7,94.0,90.0,98.0,68.6,-1.0,-1.0,-1.0,0
15516,60.4,25.0,38.0,32.7,48.0,89.8,90.0,87.8,69.4,-1.0,-1.0,-1.0,0
16018,63.1,39.2,43.1,39.6,42.9,96.0,94.0,90.2,62.0,-1.0,-1.0,-1.0,0
16518,63.6,42.0,30.0,44.0,47.1,94.1,89.8,77.6,82.0,-1.0,-1.0,-1.0,0
17019,61.5,32.0,33.3,34.7,50.0,88.0,82.0,91.8,84.0,-1.0,-1.0,-1.0,0
17521,59.4,28.0,28.6,33.3,41.2,92.0,94.1,92.2,62.5,-1.0,-1.0,-1.0,0
18021,62.9,32.7,32.7,37.3,49.0,76.5,88.0,94.0,94.0,-1.0,-1.0,-1.0,0
18522,61.1,35.3,38.0,36.7,31.2,94.0,62.5,90.4,95.9,-1.0,-1.0,-1.0,0
19022,56.4,24.0,18.8,32.0,33.3,74.0,94.0,95.8,78.4,-1.0,-1.0,-1.0,0
19523,61.5,32.7,32.7,40.0,40.0,73.5,94.1,90.2,89.8,-1.0,-1.0,-1.0,0
20023,57.4,28.6,20.4,28.0,29.2,86.0,96.0,78.4,92.0,-1.0,-1.0,-1.0,0
20524,59.2,38.5,27.1,30.6,32.0,70.6,94.0,85.4,94.0,-1.0,-1.0,-1.0,0
21024,60.8,38.0,30.0,44.2,34.7,94.0,75.0,84.0,89.6,-1.0,-1.0,-1.0,0
21525,60.2,27.1,34.0,32.7,40.0,83.7,72.0,94.1,96.0,-1.0,-1.0,-1.0,0
22025,59.0,37.5,21.3,25.0,32.0,85.7,100.0,70.8,94.0,-1.0,-1.0,-1.0,0
22526,59.8,37.3,30.0,30.0,32.7,92.2,83.7,96.1,75.0,-1.0,-1.0,-1.0,0
23027,62.2,39.2,32.0,39.2,34.6,94.0,88.2,96.0,75.5,-1.0,-1.0,-1.0,0
23527,60.6,34.0,38.0,32.7,37.5,91.8,80.4,77.1,96.0,-1.0,-1.0,-1.0,0
24028,53.6,25.9,24.0,16.3,18.4,94.0,54.2,98.0,96.0,-1.0,-1.0,-1.0,0
24528,61.4,36.5,32.0,40.0,34.7,76.0,96.0,85.7,94.0,-1.0,-1.0,-1.0,0
25034,58.1,24.0,36.0,28.0,34.7,88.2,98.0,74.5,76.5,-1.0,-1.0,-1.0,0
25534,56.8,22.9,30.0,34.7,23.5,78.0,94.0,76.0,95.8,-1.0,-1.0,-1.0,0
26035,63.1,42.3,41.7,28.6,40.8,98.0,91.8,71.4,90.2,-1.0,-1.0,-1.0,0
26536,59.8,32.7,38.8,32.0,34.0,92.0,98.0,50.0,100.0,-1.0,-1.0,-1.0,0
27036,58.8,36.0,26.5,24.5,32.0,96.0,84.3,72.5,94.0,-1.0,-1.0,-1.0,0
27538,62.0,30.6,35.3,40.8,43.1,98.0,64.7,98.0,88.0,-1.0,-1.0,-1.0,0
28039,59.3,34.6,30.6,36.5,36.0,94.0,79.6,94.1,71.4,-1.0,-1.0,-1.0,0
28539,62.1,31.4,48.0,38.8,32.7,88.0,88.5,90.0,74.0,-1.0,-1.0,-1.0,0
29043,58.7,30.0,41.2,30.0,24.0,92.0,72.9,82.0,100.0,-1.0,-1.0,-1.0,0
29544,61.2,44.9,38.8,37.3,28.6,94.1,66.0,87.8,90.0,-1.0,-1.0,-1.0,0
30044,56.9,28.6,33.3,32.0,27.5,90.0,51.0,95.9,96.1,-1.0,-1.0,-1.0,0
30544,58.1,29.2,25.0,40.0,26.0,98.0,94.0,94.0,57.1,-1.0,-1.0,-1.0,0
31045,62.8,40.0,34.7,40.0,47.9,92.0,74.0,94.1,81.6,-1.0,-1.0,-1.0,0
31545,58.2,24.0,35.8,27.1,36.0,96.0,78.4,96.0,67.3,-1.0,-1.0,-1.0,0
32046,62.5,39.6,34.7,35.3,36.0,92.0,94.1,90.0,78.4,-1.0,-1.0,-1.0,0
32546,60.8,45.1,34.0,39.2,24.5,82.0,98.0,92.0,72.0,-1.0,-1.0,-1.0,0
33047,57.5,34.0,22.4,26.5,24.0,94.2,89.8,100.0,64.0,-1.0,-1.0,-1.0,0
33547,63.0,33.3,40.8,40.0,34.0,91.8,94.0,90.0,80.0,-1.0,-1.0,-1.0,0
34048,58.9,30.6,30.6,38.0,28.6,76.5,80.0,95.9,94.0,-1.0,-1.0,-1.0,0
34548,64.7,49.0,37.3,50.0,38.0,67.3,92.0,90.0,93.8,-1.0,-1.0,-1.0,0
35050,58.8,39.2,32.0,34.0,29.2,86.3,94.0,100.0,54.0,-1.0,-1.0,-1.0,0
35550,58.9,32.7,25.5,36.7,27.5,93.9,100.0,60.0,92.2,-1.0,-1.0,-1.0,0
36050,64.8,39.2,42.0,51.0,38.8,95.9,89.8,92.0,71.4,-1.0,-1.0,-1.0,0
36551,60.1,35.3,40.0,35.3,22.9,83.7,96.0,71.4,96.1,-1.0,-1.0,-1.0,0
37051,61.8,34.6,41.7,29.2,26.5,90.2,96.0,96.0,78.0,-1.0,-1.0,-1.0,0
37557,64.0,40.8,51.9,40.0,32.0,90.4,68.0,96.2,90.0,-1.0,-1.0,-1.0,0
38058,57.3,23.5,26.0,30.6,26.0,100.0,86.3,72.0,96.0,-1.0,-1.0,-1.0,0
38558,66.6,36.7,42.0,46.0,47.9,90.0,92.0,87.8,88.0,-1.0,-1.0,-1.0,0
39062,61.2,37.7,31.4,42.0,36.0,94.0,82.4,78.0,90.0,-1.0,-1.0,-1.0,0
39563,58.6,33.3,29.2,25.0,40.0,90.0,92.0,68.0,88.2,-1.0,-1.0,-1.0,0
40063,55.5,22.4,26.0,33.3,22.0,95.9,76.5,69.4,100.0,-1.0,-1.0,-1.0,0
40564,61.1,32.0,38.0,38.8,38.0,84.6,88.0,68.6,94.1,-1.0,-1.0,-1.0,0
41068,59.3,32.1,37.7,30.0,34.7,94.0,94.0,62.7,93.9,-1.0,-1.0,-1.0,0
41568,59.7,30.6,28.6,31.9,40.0,96.0,94.0,73.5,80.0,-1.0,-1.0,-1.0,0
42069,60.7,31.2,34.7,35.4,35.4,98.0,90.0,78.0,79.6,-1.0,-1.0,-1.0,0
42569,59.5,36.0,30.0,38.0,30.0,92.0,95.9,90.0,67.3,-1.0,-1.0,-1.0,0
43069,58.0,34.0,38.0,24.5,22.9,92.0,90.0,98.0,62.0,-1.0,-1.0,-1.0,0
43570,62.2,38.0,44.2,28.6,34.0,96.0,90.0,91.8,70.0,-1.0,-1.0,-1.0,0
44071,60.1,38.0,33.3,36.7,36.7,94.1,94.1,90.0,59.2,-1.0,-1.0,-1.0,0
44571,62.5,35.4,32.7,38.8,46.0,96.0,83.7,85.7,81.6,-1.0,-1.0,-1.0,0
45072,59.7,30.0,30.6,27.1,41.2,70.0,94.0,84.3,96.0,-1.0,-1.0,-1.0,0
45572,57.6,32.0,31.4,33.3,27.1,80.0,84.0,98.0,76.5,-1.0,-1.0,-1.0,0
46073,62.2,37.3,38.0,35.4,38.0,80.0,93.9,93.9,80.4,-1.0,-1.0,-1.0,0
46573,65.6,46.9,54.2,40.0,39.6,78.4,80.4,90.2,94.0,-1.0,-1.0,-1.0,0
47073,60.4,32.7,40.0,42.0,26.5,90.0,82.4,74.0,95.9,-1.0,-1.0,-1.0,0
47574,64.2,36.7,39.6,44.9,35.4,96.0,78.0,87.8,88.2,-1.0,-1.0,-1.0,0
48074,63.2,39.2,34.7,45.1,46.0,88.0,77.6,86.0,93.8,-1.0,-1.0,-1.0,0
48575,58.9,34.6,36.0,36.0,32.0,87.8,60.0,94.0,90.0,-1.0,-1.0,-1.0,0
49075,64.8,40.8,38.8,40.0,50.0,74.5,92.0,92.2,90.2,-1.0,-1.0,-1.0,0
49576,64.2,45.1,46.9,44.9,30.0,66.7,96.0,89.8,94.0,-1.0,-1.0,-1.0,0
50076,63.0,46.9,34.7,36.7,39.6,66.0,94.1,93.9,89.8,-1.0,-1.0,-1.0,0
50577,54.5,26.0,36.5,30.0,34.0,38.8,83.7,94.1,94.0,-1.0,-1.0,-1.0,0
51077,52.2,26.0,32.0,32.0,24.0,56.0,63.5,94.0,88.2,-1.0,-1.0,-1.0,0
51578,55.6,36.5,35.4,30.0,38.0,94.0,26.5,89.8,93.9,-1.0,-1.0,-1.0,0
52080,50.4,31.4,30.0,24.0,25.5,94.0,21.6,90.0,88.5,-1.0,-1.0,-1.0,0
52581,54.6,40.0,36.0,34.0,28.6,90.2,30.0,94.1,83.7,-1.0,-1.0,-1.0,0
53081,53.6,22.4,37.3,32.7,40.0,47.1,94.1,87.8,66.0,-1.0,-1.0,-1.0,0
53582,48.1,23.1,31.2,20.4,14.3,18.0,87.8,94.1,95.9,-1.0,-1.0,-1.0,0
54082,51.4,22.4,40.8,30.0,21.6,38.8,92.3,88.2,72.0,-1.0,-1.0,-1.0,0
54582,35.2,12.2,10.0,12.0,10.2,42.0,53.1,82.0,59.2,-1.0,-1.0,-1.0,0
55083,0.2,0.0,0.0,0.0,2.0,0.0,0.0,0.0,0.0,-1.0,-1.0,-1.0,0
55583,0.2,2.0,0.0,0.0,0.0,0.0,0.0,0.0,0.0,-1.0,-1.0,-1.0,0
56083,0.0,0.0,0.0,0.0,0.0,0.0,0.0,0.0,0.0,-1.0,-1.0,-1.0,0
56584,1.5,5.8,2.0,2.0,0.0,4.0,2.0,0.0,0.0,-1.0,-1.0,-1.0,0
57084,0.0,0.0,0.0,0.0,0.0,0.0,0.0,0.0,0.0,-1.0,-1.0,-1.0,0
57585,0.2,0.0,0.0,0.0,0.0,0.0,0.0,0.0,0.0,-1.0,-1.0,-1.0,0
58085,0.0,0.0,0.0,0.0,0.0,0.0,0.0,0.0,0.0,-1.0,-1.0,-1.0,0
58586,12.2,4.3,7.7,3.9,14.0,16.3,0.0,51.0,2.0,-1.0,-1.0,-1.0,0
59086,64.8,45.1,40.0,42.0,40.0,82.7,90.0,92.0,88.0,-1.0,-1.0,-1.0,0
59587,61.3,33.3,20.8,31.2,20.4,93.8,98.0,90.0,96.0,-1.0,-1.0,-1.0,0
60087,68.0,45.8,42.9,45.8,38.8,88.2,98.0,94.0,92.0,-1.0,-1.0,-1.0,0
60587,65.2,29.4,28.6,44.0,44.0,97.9,90.4,89.8,96.0,-1.0,-1.0,-1.0,0
61088,69.9,58.5,40.0,38.8,52.9,90.0,94.0,96.0,90.0,-1.0,-1.0,-1.0,0
61589,64.6,34.7,38.8,38.5,38.0,92.0,91.8,94.1,90.0,-1.0,-1.0,-1.0,0
62089,67.4,38.8,49.0,38.8,38.3,90.0,96.0,93.9,92.0,-1.0,-1.0,-1.0,0
62590,69.9,56.0,48.0,51.0,40.8,91.7,90.0,94.0,89.8,-1.0,-1.0,-1.0,0
63090,65.5,34.8,39.2,31.2,36.7,92.2,92.0,94.1,96.0,-1.0,-1.0,-1.0,0
63591,69.6,51.0,40.8,49.0,49.0,92.0,98.0,91.8,87.8,-1.0,-1.0,-1.0,0
64095,66.9,54.9,36.5,49.0,36.7,90.2,74.0,94.0,96.1,-1.0,-1.0,-1.0,0
64596,64.6,44.0,34.7,32.7,34.0,96.0,96.0,88.2,90.0,-1.0,-1.0,-1.0,0
65096,70.2,55.1,40.0,48.1,50.0,90.0,92.2,94.0,94.0,-1.0,-1.0,-1.0,0
65597,67.1,44.0,44.0,31.9,36.7,90.2,94.1,92.0,98.0,-1.0,-1.0,-1.0,0
66097,60.1,29.2,38.8,29.8,36.7,81.6,86.0,84.0,92.0,-1.0,-1.0,-1.0,0
66598,65.6,47.9,41.7,39.6,47.9,91.8,96.0,65.3,90.2,-1.0,-1.0,-1.0,0
67098,64.0,47.1,50.0,40.0,36.7,94.1,81.6,86.0,76.0,-1.0,-1.0,-1.0,0
67600,59.4,34.7,30.6,28.0,40.0,66.7,88.0,100.0,86.0,-1.0,-1.0,-1.0,0
68100,62.2,37.7,38.8,36.7,36.7,72.0,82.0,93.9,100.0,-1.0,-1.0,-1.0,0
68601,59.5,34.0,34.7,25.0,37.5,74.5,84.0,94.1,88.2,-1.0,-1.0,-1.0,0
69101,61.3,38.8,38.0,37.5,31.2,64.7,94.0,89.8,94.0,-1.0,-1.0,-1.0,0
69602,62.2,36.7,37.3,38.0,49.0,80.0,76.5,95.9,86.0,-1.0,-1.0,-1.0,0
70102,59.6,41.5,33.3,24.0,35.4,88.0,84.6,94.0,76.0,-1.0,-1.0,-1.0,0
70603,61.1,36.5,34.7,42.0,35.3,92.0,64.0,88.2,98.0,-1.0,-1.0,-1.0,0
71104,62.6,35.4,28.6,42.9,38.0,98.0,92.0,92.0,68.6,-1.0,-1.0,-1.0,0
71604,58.2,29.8,32.0,35.4,28.3,72.0,100.0,89.8,77.6,-1.0,-1.0,-1.0,0
72105,64.4,41.2,27.1,46.0,48.1,96.0,91.8,74.0,89.8,-1.0,-1.0,-1.0,0
72606,57.8,35.4,36.0,24.5,26.9,86.0,96.1,78.0,78.4,-1.0,-1.0,-1.0,0
73106,64.4,38.8,43.8,38.0,42.3,96.0,90.2,92.2,73.5,-1.0,-1.0,-1.0,0
73607,61.4,40.8,37.3,34.7,32.7,92.0,82.0,94.0,78.4,-1.0,-1.0,-1.0,0
74107,60.5,39.6,30.0,35.3,36.5,94.0,92.0,65.3,91.8,-1.0,-1.0,-1.0,0
74608,60.7,32.7,33.3,33.3,38.8,96.0,66.0,90.2,90.2,-1.0,-1.0,-1.0,0
75108,61.2,45.1,34.7,32.7,38.0,90.2,60.0,93.9,91.8,-1.0,-1.0,-1.0,0
75609,58.1,23.4,30.0,28.0,24.5,93.9,70.6,94.0,100.0,-1.0,-1.0,-1.0,0
76110,60.6,33.3,40.8,29.4,36.0,98.0,58.0,96.0,94.1,-1.0,-1.0,-1.0,0
76611,66.2,52.2,45.7,41.7,33.3,90.2,78.0,92.0,92.0,-1.0,-1.0,-1.0,0
77111,56.6,27.5,29.4,36.0,22.0,76.5,96.0,94.0,73.5,-1.0,-1.0,-1.0,0
77616,64.4,44.0,45.8,44.0,35.4,89.8,74.0,90.2,86.3,-1.0,-1.0,-1.0,0
78116,58.2,28.0,30.6,28.0,29.2,81.6,80.0,98.0,92.0,-1.0,-1.0,-1.0,0
78617,56.7,21.3,32.7,30.6,26.5,94.1,69.4,81.6,93.9,-1.0,-1.0,-1.0,0
79118,61.6,35.3,32.0,30.6,36.0,95.9,75.5,92.2,95.9,-1.0,-1.0,-1.0,0
79618,56.1,30.6,25.5,22.0,30.0,74.5,80.0,88.0,98.0,-1.0,-1.0,-1.0,0
80118,61.6,42.0,28.0,32.0,42.0,95.9,79.6,93.9,78.4,-1.0,-1.0,-1.0,0
80619,57.0,30.0,22.9,26.5,22.4,96.1,96.0,94.1,65.3,-1.0,-1.0,-1.0,0
81120,56.8,29.2,24.0,28.6,25.0,98.0,96.0,91.8,60.0,-1.0,-1.0,-1.0,0
81620,59.6,26.0,24.5,36.7,27.5,98.0,96.1,96.1,71.4,-1.0,-1.0,-1.0,0
82121,55.1,26.9,21.6,18.4,28.8,90.2,80.0,77.6,96.1,-1.0,-1.0,-1.0,0
82621,64.2,41.5,38.0,42.0,40.8,71.4,96.0,90.2,93.9,-1.0,-1.0,-1.0,0
83121,55.4,24.5,30.6,22.9,24.5,98.0,78.4,98.0,64.7,-1.0,-1.0,-1.0,0
83622,62.1,40.0,29.2,40.0,32.7,93.9,74.5,94.0,88.0,-1.0,-1.0,-1.0,0
84123,58.5,31.4,32.7,26.0,31.4,66.0,95.9,96.1,92.0,-1.0,-1.0,-1.0,0
84624,56.9,32.1,27.5,30.0,30.8,96.1,90.2,94.0,56.9,-1.0,-1.0,-1.0,0
85124,62.2,36.0,42.9,32.7,32.7,87.8,72.9,98.0,96.0,-1.0,-1.0,-1.0,0
85625,53.9,26.5,26.5,18.8,23.5,76.0,70.0,96.0,93.9,-1.0,-1.0,-1.0,0
86126,59.4,37.5,30.6,33.3,28.6,68.0,96.0,82.0,94.0,-1.0,-1.0,-1.0,0
86626,60.2,29.4,35.3,34.7,24.0,96.1,96.0,66.0,98.0,-1.0,-1.0,-1.0,0
87127,64.6,44.2,45.1,48.0,31.9,77.6,91.8,86.0,92.2,-1.0,-1.0,-1.0,0
87627,65.4,52.1,47.9,40.0,32.7,91.8,98.0,98.0,60.4,-1.0,-1.0,-1.0,0
88128,56.6,43.1,20.0,22.0,22.0,96.1,100.0,94.0,54.0,-1.0,-1.0,-1.0,0
88630,65.3,51.0,55.6,38.0,30.6,84.0,94.0,92.0,79.6,-1.0,-1.0,-1.0,0
89130,57.9,21.3,35.4,30.6,25.0,61.2,96.0,91.8,96.0,-1.0,-1.0,-1.0,0
89631,59.8,32.7,46.0,27.1,28.0,90.2,70.0,86.3,96.0,-1.0,-1.0,-1.0,0
90131,60.3,31.4,32.7,35.4,26.5,100.0,78.0,89.6,86.3,-1.0,-1.0,-1.0,0
90632,55.1,34.0,29.4,21.6,24.0,74.5,68.6,94.0,97.9,-1.0,-1.0,-1.0,0
91135,62.5,40.0,36.5,46.0,32.7,92.2,95.9,91.8,68.0,-1.0,-1.0,-1.0,0
91635,61.2,40.0,41.2,33.3,26.5,88.0,100.0,68.0,94.1,-1.0,-1.0,-1.0,0
92136,58.0,31.4,28.6,34.7,30.6,83.3,96.1,94.0,62.0,-1.0,-1.0,-1.0,0
92636,62.0,40.0,35.4,36.0,28.6,94.1,74.0,93.9,95.9,-1.0,-1.0,-1.0,0
93137,53.7,22.4,20.4,29.2,18.8,93.9,43.1,100.0,100.0,-1.0,-1.0,-1.0,0
93637,64.4,41.2,51.0,36.7,34.0,88.0,92.0,96.1,72.0,-1.0,-1.0,-1.0,0
94138,56.2,26.5,18.8,22.9,29.2,100.0,63.3,84.0,98.0,-1.0,-1.0,-1.0,0
94640,59.0,29.4,37.5,42.3,26.0,70.6,96.1,78.0,94.0,-1.0,-1.0,-1.0,0
95140,57.8,31.4,34.0,32.7,29.2,82.0,84.0,98.0,71.4,-1.0,-1.0,-1.0,0
95641,50.0,32.7,26.0,15.7,16.0,83.7,80.0,92.0,52.9,-1.0,-1.0,-1.0,0
96141,64.2,36.0,40.0,50.0,44.0,94.1,68.6,94.1,87.8,-1.0,-1.0,-1.0,0
96642,53.9,30.6,24.5,30.0,24.5,80.0,87.5,60.8,92.2,-1.0,-1.0,-1.0,0
97142,51.2,26.9,20.0,34.0,34.7,82.0,72.0,54.0,86.0,-1.0,-1.0,-1.0,0
97643,48.6,25.5,18.0,22.4,16.7,94.1,92.2,90.0,26.5,-1.0,-1.0,-1.0,0
98144,46.7,22.0,14.6,16.3,17.6,63.3,95.9,48.0,94.0,-1.0,-1.0,-1.0,0
98644,56.2,32.7,35.4,40.8,29.2,92.0,90.2,44.0,82.4,-1.0,-1.0,-1.0,0
99145,47.7,24.5,21.2,22.0,16.3,74.5,72.0,74.0,77.6,-1.0,-1.0,-1.0,0
99646,47.4,20.0,14.6,18.0,12.5,90.0,78.0,44.0,96.1,-1.0,-1.0,-1.0,0
100146,46.2,24.0,20.0,24.5,19.6,61.2,50.0,87.8,86.3,-1.0,-1.0,-1.0,0
100646,29.6,9.6,8.0,6.0,7.8,52.9,6.0,52.9,93.9,-1.0,-1.0,-1.0,0
101147,1.2,0.0,0.0,0.0,0.0,0.0,0.0,0.0,8.0,-1.0,-1.0,-1.0,0
101647,1.2,0.0,5.8,2.0,0.0,0.0,4.0,0.0,0.0,-1.0,-1.0,-1.0,0
102148,0.0,0.0,0.0,0.0,2.0,0.0,0.0,0.0,0.0,-1.0,-1.0,-1.0,0
102648,0.5,2.0,0.0,0.0,0.0,0.0,0.0,0.0,0.0,-1.0,-1.0,-1.0,0
103148,0.0,0.0,0.0,0.0,0.0,0.0,0.0,0.0,0.0,-1.0,-1.0,-1.0,0
103649,0.0,0.0,0.0,0.0,0.0,0.0,0.0,0.0,0.0,-1.0,-1.0,-1.0,0
104149,0.0,0.0,0.0,0.0,0.0,0.0,0.0,0.0,0.0,-1.0,-1.0,-1.0,0
104650,8.0,14.0,3.9,2.0,0.0,26.0,0.0,15.7,0.0,-1.0,-1.0,-1.0,0
105151,48.7,32.7,26.5,34.0,34.7,55.1,60.8,91.8,56.0,-1.0,-1.0,-1.0,0
105654,64.6,36.7,42.3,40.8,29.4,94.0,94.0,86.8,92.2,-1.0,-1.0,-1.0,0
106154,64.3,34.7,29.2,30.8,31.9,92.0,94.0,100.0,98.0,-1.0,-1.0,-1.0,0
106657,70.2,56.0,48.0,53.1,38.5,86.3,92.0,95.9,94.0,-1.0,-1.0,-1.0,0
107158,56.2,28.0,41.2,26.0,22.0,63.3,89.8,90.0,92.0,-1.0,-1.0,-1.0,0
107658,60.0,54.9,28.0,33.3,34.0,92.0,51.0,96.1,89.8,-1.0,-1.0,-1.0,0
108159,57.7,28.6,28.6,39.6,44.0,70.0,66.0,89.6,94.1,-1.0,-1.0,-1.0,0
108659,48.0,20.4,16.0,18.4,27.1,70.0,63.3,88.2,77.6,-1.0,-1.0,-1.0,0
109160,61.1,46.2,32.0,32.0,38.5,85.7,69.2,90.0,94.1,-1.0,-1.0,-1.0,0
109660,36.4,17.3,12.0,10.2,10.2,64.0,75.5,44.0,58.0,-1.0,-1.0,-1.0,0
110160,0.0,0.0,0.0,0.0,0.0,0.0,0.0,0.0,0.0,-1.0,-1.0,-1.0,0
110661,0.0,0.0,0.0,0.0,0.0,0.0,0.0,0.0,0.0,-1.0,-1.0,-1.0,0
111161,0.5,2.0,2.0,0.0,2.0,2.0,0.0,0.0,0.0,-1.0,-1.0,-1.0,0
111662,1.8,8.0,0.0,0.0,2.0,0.0,4.0,0.0,0.0,-1.0,-1.0,-1.0,0
112162,0.2,0.0,0.0,0.0,2.0,0.0,0.0,0.0,0.0,-1.0,-1.0,-1.0,0
112662,0.2,0.0,0.0,0.0,0.0,0.0,0.0,2.0,0.0,-1.0,-1.0,-1.0,0
113163,0.2,2.0,0.0,0.0,0.0,0.0,0.0,0.0,0.0,-1.0,-1.0,-1.0,0
113663,0.0,0.0,0.0,0.0,0.0,0.0,0.0,0.0,0.0,-1.0,-1.0,-1.0,0
114164,6.5,4.1,0.0,2.0,2.0,26.0,2.0,16.0,0.0,-1.0,-1.0,-1.0,0
114664,47.1,34.0,29.4,30.0,27.5,53.1,54.0,92.0,58.0,-1.0,-1.0,-1.0,0
115165,63.4,32.7,34.7,38.0,29.8,86.5,96.0,90.0,94.0,-1.0,-1.0,-1.0,0
115665,65.7,34.0,29.2,39.6,35.4,93.9,94.0,100.0,94.0,-1.0,-1.0,-1.0,0
116167,64.2,43.8,28.6,32.0,40.0,95.9,92.3,91.8,91.8,-1.0,-1.0,-1.0,0
116668,68.3,49.0,40.8,43.1,38.8,98.0,91.8,90.2,92.0,-1.0,-1.0,-1.0,0
117173,65.2,35.4,34.7,31.9,36.7,90.0,96.0,92.2,100.0,-1.0,-1.0,-1.0,0
117687,69.3,54.9,46.0,48.0,27.1,98.1,88.5,94.0,94.1,-1.0,-1.0,-1.0,0
118189,63.3,39.2,34.6,30.6,34.7,89.8,95.9,92.2,92.0,-1.0,-1.0,-1.0,0
118689,68.2,42.9,41.7,40.4,44.2,96.0,92.2,94.0,94.0,-1.0,-1.0,-1.0,0
119190,62.3,32.7,33.3,30.0,27.5,98.0,94.0,96.0,88.0,-1.0,-1.0,-1.0,0
119691,66.2,42.0,39.2,36.7,35.4,92.2,96.1,90.2,94.0,-1.0,-1.0,-1.0,0
120192,62.6,30.0,28.6,30.0,26.5,96.0,94.0,100.0,94.1,-1.0,-1.0,-1.0,0
120693,61.8,28.0,23.4,30.6,26.5,94.1,100.0,92.2,94.1,-1.0,-1.0,-1.0,0
121195,51.9,27.1,28.6,22.4,18.4,55.1,88.0,77.6,94.0,-1.0,-1.0,-1.0,0
121695,48.9,23.1,24.0,22.0,21.6,70.0,98.0,63.5,71.4,-1.0,-1.0,-1.0,0
122196,46.4,21.6,20.0,17.6,13.7,94.1,92.0,95.9,21.2,-1.0,-1.0,-1.0,0
122696,59.1,36.0,36.0,36.7,26.5,94.1,90.0,88.0,61.2,-1.0,-1.0,-1.0,0
123197,63.8,31.4,33.3,41.2,28.0,96.0,91.8,100.0,90.2,-1.0,-1.0,-1.0,0
123698,62.2,34.0,25.5,32.7,31.9,82.0,96.0,92.2,100.0,-1.0,-1.0,-1.0,0
124198,63.8,36.0,33.3,33.3,31.2,96.0,92.2,89.6,96.1,-1.0,-1.0,-1.0,0
124699,65.7,44.9,36.0,29.2,32.7,93.8,96.0,94.1,96.0,-1.0,-1.0,-1.0,0
125199,63.3,35.3,35.3,28.8,34.7,90.0,91.8,98.0,94.1,-1.0,-1.0,-1.0,0
125704,66.1,41.2,42.0,32.7,38.0,94.0,94.1,90.0,96.0,-1.0,-1.0,-1.0,0
126205,66.6,45.1,51.0,38.0,35.3,88.0,98.0,94.0,90.0,-1.0,-1.0,-1.0,0
126705,59.1,36.0,32.7,25.5,30.6,78.8,74.0,92.0,96.1,-1.0,-1.0,-1.0,0
127205,62.6,42.9,34.7,36.7,40.8,61.2,94.0,94.0,96.0,-1.0,-1.0,-1.0,0
127706,56.3,28.0,27.5,24.5,26.5,69.4,90.0,94.0,89.6,-1.0,-1.0,-1.0,0
128210,57.1,32.7,28.0,33.3,18.8,94.1,98.0,54.0,98.0,-1.0,-1.0,-1.0,0
128710,60.8,38.3,26.5,36.0,34.0,92.2,84.0,82.0,88.0,-1.0,-1.0,-1.0,0
129211,51.3,24.0,20.4,24.0,30.0,78.0,73.5,84.0,76.0,-1.0,-1.0,-1.0,0
129711,49.5,25.5,18.8,31.4,18.8,77.6,84.3,79.6,60.0,-1.0,-1.0,-1.0,0
130212,51.0,26.5,24.5,29.2,20.0,30.0,91.8,98.0,86.3,-1.0,-1.0,-1.0,0
130712,51.0,31.4,30.8,27.5,20.0,60.0,70.0,90.2,78.0,-1.0,-1.0,-1.0,0
131213,51.8,39.2,32.0,26.0,21.6,37.3,94.1,94.1,71.4,-1.0,-1.0,-1.0,0
131713,54.0,38.8,28.6,26.5,30.6,96.0,89.8,70.0,52.0,-1.0,-1.0,-1.0,0
132214,49.5,17.0,19.6,23.5,30.0,56.0,66.0,93.9,88.0,-1.0,-1.0,-1.0,0
132714,53.9,32.7,30.6,38.0,34.0,66.0,52.0,90.0,88.0,-1.0,-1.0,-1.0,0
133216,47.2,16.0,25.5,18.4,18.0,91.8,68.6,46.9,92.0,-1.0,-1.0,-1.0,0
133716,43.0,14.3,10.4,12.0,11.8,94.1,8.2,94.1,94.1,-1.0,-1.0,-1.0,0
134217,14.8,6.0,14.0,6.0,2.0,24.0,4.0,52.1,12.0,-1.0,-1.0,-1.0,0
134717,0.2,0.0,0.0,0.0,2.0,0.0,0.0,0.0,0.0,-1.0,-1.0,-1.0,0
135218,0.0,0.0,0.0,0.0,0.0,0.0,0.0,0.0,0.0,-1.0,-1.0,-1.0,0
135718,0.0,0.0,0.0,0.0,0.0,0.0,0.0,0.0,0.0,-1.0,-1.0,-1.0,0
136219,0.8,0.0,0.0,0.0,0.0,0.0,2.0,0.0,4.0,-1.0,-1.0,-1.0,0
136720,14.6,8.5,7.8,6.0,4.2,33.3,6.1,43.1,5.9,-1.0,-1.0,-1.0,0
137220,65.8,39.2,42.0,38.5,38.0,81.2,92.0,98.0,98.0,-1.0,-1.0,-1.0,0
137721,60.9,34.0,22.9,28.0,22.9,96.1,98.0,95.9,90.0,-1.0,-1.0,-1.0,0
138222,66.3,41.7,33.3,37.5,38.0,90.0,98.0,92.2,96.1,-1.0,-1.0,-1.0,0
138722,65.3,40.8,40.4,29.2,29.8,93.9,95.9,98.0,88.0,-1.0,-1.0,-1.0,0
139223,61.0,27.1,26.0,24.5,22.9,94.1,92.2,98.0,100.0,-1.0,-1.0,-1.0,0
139724,66.8,38.5,41.7,47.1,34.0,96.0,94.0,91.8,92.0,-1.0,-1.0,-1.0,0
140224,67.2,40.0,47.9,39.6,37.3,93.9,96.0,94.0,88.0,-1.0,-1.0,-1.0,0
140725,66.1,37.5,38.0,32.7,31.2,100.0,92.0,94.0,98.0,-1.0,-1.0,-1.0,0
141225,65.0,34.0,32.7,34.0,36.2,98.0,98.0,86.0,98.0,-1.0,-1.0,-1.0,0
141726,66.1,36.5,34.7,36.7,36.0,92.0,100.0,96.2,92.2,-1.0,-1.0,-1.0,0
142227,63.2,33.3,30.6,33.3,30.0,96.0,92.2,93.9,100.0,-1.0,-1.0,-1.0,0
142727,70.4,43.8,46.9,46.8,45.1,98.0,92.0,98.0,92.0,-1.0,-1.0,-1.0,0
143228,62.3,38.5,30.6,32.7,27.7,94.1,81.6,94.0,92.0,-1.0,-1.0,-1.0,0
143728,58.0,28.8,29.2,28.6,26.5,81.6,78.0,98.0,92.0,-1.0,-1.0,-1.0,0
144229,61.3,33.3,30.0,40.0,34.0,62.7,92.0,100.0,100.0,-1.0,-1.0,-1.0,0
144739,58.0,39.2,27.5,28.6,28.0,54.9,98.0,94.0,94.1,-1.0,-1.0,-1.0,0
145239,57.1,32.0,22.4,22.4,28.6,64.0,92.3,98.0,92.2,-1.0,-1.0,-1.0,0
145740,52.5,22.9,20.4,22.9,22.4,94.0,46.0,92.0,96.1,-1.0,-1.0,-1.0,0
146240,59.3,33.3,31.2,30.6,30.6,92.0,80.0,82.0,92.2,-1.0,-1.0,-1.0,0
146741,63.4,40.0,36.7,37.3,36.0,98.0,74.0,94.0,92.0,-1.0,-1.0,-1.0,0
147242,55.4,30.6,24.5,24.5,21.3,95.9,58.8,88.0,96.0,-1.0,-1.0,-1.0,0
147742,55.4,28.0,26.0,22.4,24.0,84.0,96.0,94.0,66.0,-1.0,-1.0,-1.0,0
148243,52.2,25.5,18.8,18.8,21.2,98.0,73.5,92.0,71.4,-1.0,-1.0,-1.0,0
148743,57.5,30.6,25.0,31.4,26.5,89.6,68.6,92.0,94.0,-1.0,-1.0,-1.0,0
149244,55.2,27.5,24.5,22.4,20.4,90.0,68.8,94.0,94.0,-1.0,-1.0,-1.0,0
149744,55.1,26.0,22.0,22.4,22.4,86.3,78.0,89.8,92.0,-1.0,-1.0,-1.0,0
150245,58.7,32.7,22.9,26.0,23.4,92.0,84.0,94.2,91.8,-1.0,-1.0,-1.0,0
150745,29.1,14.0,6.1,8.2,8.0,52.0,52.0,27.7,62.0,-1.0,-1.0,-1.0,0
